id,season_type,two_way_winner,handicap_winner,over_under_result,home_line_margin,over_under,home_b2b,away_b2b
400278178,2,away,away,,3.5,,0,1
400278179,2,away,away,,-9.0,,0,0
400278180,2,home,away,,-6.5,,0,0
400278181,2,away,away,,3.5,,0,1
400278182,2,home,home,,2.0,,0,0
400278183,2,away,away,,-9.0,,0,0
400278184,2,home,home,under,-3.0,193.0,0,1
400278185,2,away,home,over,4.0,185.0,0,0
400278186,2,away,away,under,-4.0,198.0,0,1
400278187,2,home,away,under,-10.5,182.0,0,0
400278188,2,away,away,under,4.0,179.0,0,0
400278189,2,home,away,,-12.0,,0,0
400278190,2,away,away,,5.0,,0,0
400278191,2,home,home,,-10.0,,0,1
400278192,2,away,away,over,-9.5,198.0,0,0
400278193,2,home,home,under,-3.5,198.0,0,0
400278194,2,home,home,,-3.0,,0,1
400278195,2,home,home,,2.5,,0,1
400278196,2,home,home,,-2.0,,0,1
400278197,2,away,away,,-7.0,,0,1
400278198,2,away,away,,-6.0,,0,0
400278199,2,away,home,,5.5,,0,0
400278200,2,away,away,,-1.5,,0,0
400278202,2,home,home,,-0.0,,0,0
400278201,2,away,away,,-9.0,,0,0
400278203,2,home,home,,-3.0,,0,0
400278204,2,away,away,,-9.5,,0,0
400278205,2,home,home,,-10.5,,0,0
400278206,2,away,away,,-2.5,,0,0
400278207,2,away,away,,-3.0,,0,0
400278208,2,home,home,,-4.5,,0,0
400278209,2,away,away,,-4.5,,1,1
400278210,2,away,tie,,8.0,,0,0
400278211,2,home,home,,-5.0,,1,1
400278212,2,home,home,,-10.5,,1,1
400278213,2,away,away,,5.0,,1,1
400278214,2,away,away,,-8.0,,0,1
400278215,2,away,away,,-8.0,,0,0
400278216,2,home,home,,-11.0,,0,1
400278217,2,home,home,,-10.0,,0,1
400278218,2,home,home,,-6.5,,1,0
400278219,2,away,away,,7.5,,1,1
400278220,2,home,home,,-15.0,,1,1
400278221,2,away,away,,-9.0,,0,0
400278222,2,away,away,,5.0,,0,0
400278223,2,away,away,,-5.0,,0,1
400278224,2,home,home,,10.0,,0,0
400278225,2,away,away,,-7.0,,0,0
400278226,2,home,home,,-8.5,,0,0
400278227,2,home,home,,8.0,,0,0
400278228,2,home,home,,-5.5,,0,0
400278229,2,away,away,,5.0,,0,1
400278230,2,home,away,,-8.0,,0,0
400278231,2,away,away,,1.5,,0,0
400278232,2,home,home,,4.0,,0,0
400278233,2,home,home,,-6.0,,0,0
400278234,2,home,home,,-7.0,,0,0
400278235,2,home,home,,-1.5,,0,0
400278236,2,home,home,,-3.0,,0,1
400278237,2,away,away,,3.5,,0,0
400278238,2,home,home,,4.5,,0,1
400278239,2,home,tie,,-8.0,,0,1
400278240,2,away,away,,-6.0,,0,1
400278241,2,home,home,,4.5,,0,1
400278242,2,home,away,,-13.0,,0,1
400278243,2,home,home,,-11.0,,0,1
400278244,2,home,away,,-12.5,,0,0
400278245,2,home,away,,-10.0,,0,0
400278246,2,away,away,,-1.0,,0,0
400278247,2,home,tie,,-5.0,,0,0
400278248,2,away,away,,-2.0,,0,1
400278249,2,home,home,,4.0,,0,0
400278250,2,home,home,,-7.5,,0,0
400278251,2,home,home,,-2.5,,0,0
400278252,2,home,home,,-7.5,,0,0
400278253,2,home,home,,-4.0,,0,0
400278254,2,away,away,,-5.5,,1,0
400278255,2,home,home,,-1.0,,0,0
400278256,2,home,home,,-2.0,,0,0
400278257,2,away,away,under,-5.5,197.0,0,0
400278258,2,home,away,,-12.0,,0,0
400278259,2,away,away,,6.0,,0,0
400278260,2,home,away,,-7.5,,0,1
400278261,2,away,away,,-13.0,,0,0
400278262,2,home,home,under,2.5,190.0,0,1
400278263,2,home,away,,-11.0,,0,1
400278264,2,home,home,,-0.0,,0,1
400278265,2,away,away,,-2.5,,1,1
400278266,2,away,away,,-7.0,,1,1
400278267,2,home,home,,3.0,,0,1
400278268,2,away,away,over,7.0,201.0,0,0
400278269,2,home,home,,-9.0,,1,1
400278270,2,away,away,,-4.0,,1,1
400278271,2,home,home,,-4.0,,1,0
400278272,2,home,home,,-11.5,,0,0
400278273,2,home,home,,-6.0,,0,0
400278274,2,away,home,,4.5,,0,0
400278275,2,home,home,,-5.0,,0,0
400278276,2,home,home,,-3.5,,0,0
400278277,2,home,home,,-10.0,,0,0
400278278,2,home,home,,-5.0,,0,0
400278279,2,away,away,,-1.5,,0,0
400278280,2,home,home,,-5.5,,0,1
400278281,2,home,home,,5.5,,0,0
400278282,2,away,away,,7.5,,0,1
400278283,2,home,home,,-5.5,,0,1
400278284,2,away,away,,-4.0,,0,0
400278285,2,away,away,,6.0,,1,0
400278286,2,home,tie,,-7.0,,0,0
400278287,2,away,away,over,-3.0,207.0,0,1
400278288,2,home,away,,-7.5,,0,0
400278289,2,home,home,,-7.0,,0,0
400278290,2,away,home,,2.5,,1,0
400278291,2,home,home,,3.0,,0,1
400278292,2,home,home,,-3.5,,0,1
400278293,2,away,away,,-7.5,,0,1
400278294,2,home,home,,-8.5,,0,1
400278295,2,home,home,,-4.0,,0,1
400278296,2,home,home,,-4.5,,0,0
400278297,2,home,away,,-5.0,,0,0
400278298,2,away,away,,-8.0,,1,0
400278299,2,away,away,,2.0,,0,0
400278300,2,away,away,under,5.5,195.0,0,0
400278301,2,away,away,under,4.5,193.0,0,0
400278302,2,away,away,,-1.0,,0,0
400278303,2,away,away,,-2.0,,0,1
400278304,2,away,away,under,-3.5,182.0,0,0
400278305,2,home,home,over,-3.5,190.0,0,0
400278306,2,away,away,over,-7.0,198.0,0,0
400278307,2,home,home,over,-4.5,196.0,0,0
400278308,2,home,away,under,-6.0,191.0,0,0
400278309,2,home,home,under,-9.5,191.0,0,0
400278310,2,home,away,under,-12.0,203.0,0,0
400278311,2,away,away,over,-10.0,204.0,0,0
400278312,2,away,home,over,4.5,206.0,0,0
400278313,2,away,away,under,2.0,205.0,1,1
400278314,2,away,away,under,4.5,197.0,1,1
400278315,2,away,away,under,2.0,176.0,1,1
400278316,2,away,away,over,-6.0,188.0,0,1
400278317,2,home,home,under,4.0,204.0,0,1
400278318,2,home,home,over,-9.0,199.0,0,0
400278319,2,away,away,over,-4.0,195.0,0,0
400278320,2,home,away,under,-13.0,197.0,0,1
400278321,2,home,home,over,4.5,202.0,1,0
400278322,2,away,away,over,3.0,202.0,1,1
400278323,2,home,home,over,1.5,185.0,0,0
400278324,2,home,home,over,1.0,209.0,0,0
400278325,2,away,away,,-5.0,,1,0
400278326,2,home,home,,-5.5,,1,1
400278327,2,away,away,,5.0,,1,1
400278328,2,home,away,,-10.0,,1,1
400278329,2,away,away,,-5.5,,0,0
400278330,2,home,home,,3.5,,1,1
400278331,2,away,home,,6.0,,0,0
400278332,2,home,home,,-0.0,,0,0
400278333,2,away,away,,-6.5,,0,0
400278334,2,home,home,,4.5,,0,0
400278335,2,home,home,,-4.5,,0,0
400278336,2,home,home,,-6.5,,0,1
400278337,2,away,away,,-2.0,,0,0
400278338,2,away,away,over,4.5,194.0,0,0
400278339,2,home,away,,-11.5,,0,0
400278340,2,home,away,under,-6.5,183.0,0,1
400278341,2,home,home,,-5.5,,0,0
400278342,2,away,away,,-0.0,,0,0
400278343,2,away,away,,6.0,,0,0
400278344,2,home,away,over,-10.0,193.0,0,0
400278345,2,home,away,,-7.5,,0,0
400278346,2,away,away,,-3.0,,0,0
400278347,2,home,home,,-1.0,,0,0
400278348,2,home,home,,3.0,,0,1
400278349,2,away,away,,-4.5,,0,1
400278350,2,away,away,,1.0,,0,0
400278351,2,home,home,,4.5,,1,0
400278352,2,home,home,,-5.0,,0,0
400278353,2,home,home,,-5.0,,0,1
400278354,2,home,home,,-10.0,,0,0
400278355,2,home,home,,4.0,,0,0
400278356,2,home,home,,-2.0,,0,0
400278357,2,home,home,,-5.0,,0,0
400278358,2,away,away,,-3.0,,0,0
400278359,2,away,away,,2.0,,0,0
400278360,2,away,away,,7.5,,0,0
400278361,2,home,home,,-5.0,,0,0
400278362,2,away,away,,-6.5,,0,1
400278363,2,home,home,,5.0,,0,0
400278364,2,home,home,,1.0,,1,1
400278365,2,home,away,,-3.5,,0,1
400278366,2,home,home,,-3.0,,1,1
400278367,2,home,home,,-3.5,,1,1
400278368,2,home,tie,,-9.0,,1,0
400278369,2,home,home,,-12.5,,0,1
400278370,2,home,home,,-2.5,,1,0
400278371,2,home,home,,2.0,,0,0
400278372,2,home,home,,4.0,,1,1
400278373,2,home,home,,3.0,,1,1
400278374,2,away,away,,-2.5,,0,1
400278375,2,away,away,,-7.5,,1,1
400278376,2,home,away,,-6.0,,0,1
400278377,2,home,home,,-6.0,,0,1
400278378,2,home,home,,-7.0,,1,1
400278379,2,away,away,,2.0,,0,0
400278380,2,away,away,,2.5,,0,0
400278381,2,away,away,,-4.5,,0,0
400278382,2,home,home,,-8.5,,0,0
400278383,2,home,away,,-11.0,,0,0
400278384,2,home,away,,-6.5,,0,0
400278385,2,away,away,,-3.0,,0,0
400278386,2,away,away,,3.5,,0,1
400278387,2,away,away,,-1.0,,0,0
400278388,2,home,away,,-3.0,,0,0
400278389,2,home,away,,-6.5,,0,0
400278390,2,home,home,,-4.5,,0,0
400278391,2,home,home,,-7.5,,0,1
400278392,2,home,home,,-5.5,,0,0
400278393,2,home,home,,-10.0,,0,0
400278394,2,home,away,,-7.5,,0,0
400278395,2,away,away,,2.0,,0,0
400278396,2,away,away,,-1.5,,1,0
400278397,2,away,away,,5.5,,0,0
400278398,2,home,home,,-14.5,,0,0
400278399,2,home,home,,-6.0,,0,0
400278400,2,home,away,,-7.0,,0,1
400278401,2,home,home,,4.0,,0,1
400278402,2,home,home,,-7.5,,0,0
400278403,2,home,tie,,-3.0,,0,0
400278404,2,home,home,,5.0,,0,0
400278405,2,home,home,,2.5,,0,0
400278406,2,home,home,,-9.5,,0,0
400278407,2,home,home,,-3.0,,0,0
400278408,2,home,home,,-6.0,,0,0
400278409,2,home,home,,-7.0,,0,0
400278410,2,home,home,,-6.5,,0,0
400278411,2,home,home,,-7.5,,1,0
400278412,2,home,home,,-9.0,,0,0
400278413,2,home,home,,-5.0,,0,0
400278414,2,away,away,,-3.5,,0,1
400278415,2,away,away,,3.0,,0,0
400278416,2,away,away,,-6.5,,0,1
400278417,2,home,home,,-11.5,,1,1
400278418,2,home,home,,9.0,,1,0
400278419,2,home,home,,-12.5,,0,0
400278420,2,home,home,,-2.0,,1,1
400278421,2,home,away,,-10.0,,1,1
400278422,2,home,away,,-11.5,,0,1
400278423,2,home,home,,-4.0,,1,1
400278424,2,home,home,,-8.5,,0,1
400278425,2,home,home,,1.0,,1,1
400278426,2,away,home,,3.0,,1,1
400278427,2,away,away,,5.0,,1,1
400278428,2,home,home,,-7.5,,0,0
400278429,2,home,home,,4.0,,0,0
400440940,2,home,home,over,-5.5,176.0,0,0
400278430,2,home,home,,-9.5,,0,0
400278431,2,home,away,,-14.5,,0,0
400278432,2,home,home,,-9.0,,0,0
400278433,2,away,away,,-2.5,,0,0
400278434,2,home,away,,-9.5,,0,0
400278435,2,home,home,,-5.0,,1,0
400278436,2,away,away,,-2.5,,0,0
400278437,2,away,away,,-8.5,,0,0
400278438,2,home,home,,-3.5,,0,0
400278439,2,home,home,,-6.0,,0,0
400278440,2,away,away,,-0.0,,0,0
400278441,2,away,away,,-2.5,,0,1
400278442,2,home,home,,5.0,,0,0
400278443,2,away,away,,6.0,,0,0
400278444,2,home,home,,-6.0,,0,0
400278445,2,home,home,,-3.0,,1,1
400278446,2,home,away,,-8.0,,0,1
400278447,2,away,away,,1.0,,0,1
400278448,2,home,home,,-6.0,,0,1
400278449,2,home,home,,-8.5,,0,1
400278450,2,home,home,,-5.5,,0,0
400278451,2,away,away,,4.5,,0,0
400278452,2,home,home,,-4.5,,0,1
400278453,2,home,home,,-2.5,,1,0
400278454,2,home,home,,-6.0,,0,0
400278455,2,home,home,,2.5,,0,0
400278456,2,away,away,,6.0,,0,1
400278457,2,away,away,,-7.5,,0,0
400278458,2,away,away,,-5.0,,0,0
400278459,2,home,home,,4.0,,0,0
400278460,2,home,home,,-5.0,,0,0
400278461,2,home,home,,-5.5,,0,0
400278462,2,home,home,,-4.0,,0,0
400278463,2,home,home,,-7.0,,0,0
400278464,2,home,home,,-13.5,,0,0
400278465,2,away,away,,5.5,,0,0
400278466,2,away,away,,-3.5,,0,1
400278467,2,away,away,,5.0,,1,0
400278468,2,home,home,,-9.5,,0,1
400278469,2,away,away,,-6.5,,0,1
400278470,2,home,home,,-3.5,,0,1
400278471,2,home,home,,1.0,,0,1
400278472,2,away,away,,-3.0,,1,1
400278473,2,home,home,,-7.0,,1,1
400278474,2,home,home,,-2.0,,0,0
400278475,2,home,home,,-3.0,,1,1
400278476,2,home,home,,2.5,,1,1
400278477,2,home,home,,-9.0,,1,1
400278478,2,away,away,,2.0,,0,0
400278479,2,away,away,,8.0,,0,0
400278480,2,home,home,,5.0,,1,0
400278481,2,away,away,,4.0,,0,0
400278482,2,home,home,,6.0,,0,0
400278483,2,away,away,,-5.5,,0,0
400278484,2,away,away,,-5.5,,0,1
400278485,2,away,away,,-4.0,,0,0
400278486,2,away,away,,-2.0,,0,1
400278487,2,away,away,,-5.5,,0,0
400278488,2,away,away,,-4.5,,0,0
400278489,2,home,home,,2.0,,0,0
400278490,2,home,home,,-11.0,,0,0
400278491,2,home,away,,-9.0,,0,0
400278492,2,home,home,,5.0,,0,0
400278493,2,home,away,,-9.0,,0,0
400278494,2,away,away,,-3.0,,0,0
400278495,2,away,away,,4.0,,0,0
400278496,2,away,home,,2.5,,0,0
400278497,2,home,home,,-11.0,,0,0
400278498,2,home,home,,-0.0,,0,0
400278499,2,home,home,,-0.0,,0,1
400278500,2,away,away,,-8.5,,0,1
400278501,2,home,home,,-2.5,,0,0
400278502,2,home,away,,-6.0,,0,0
400278503,2,home,home,,-5.0,,0,1
400278504,2,away,away,,-1.5,,0,1
400278505,2,home,home,,-9.5,,0,1
400278506,2,home,tie,,-10.0,,0,1
400278507,2,away,away,,-4.5,,0,0
400278508,2,away,away,over,3.0,200.0,0,1
400436572,2,home,,,,,0,0
400278509,2,away,away,,-3.5,,0,0
400278510,2,away,away,,-6.0,,0,0
400278511,2,home,away,,-6.0,,0,0
400278512,2,away,away,,3.0,,0,0
400278513,2,away,away,,-1.5,,0,0
400278514,2,home,tie,,-7.0,,0,0
400278515,2,home,home,,-4.0,,0,0
400278516,2,away,home,,8.5,,0,0
400278517,2,away,away,,-5.0,,0,0
400278518,2,away,away,,-1.0,,1,1
400278519,2,away,away,,3.0,,1,1
400278521,2,home,home,,-4.0,,0,0
400278520,2,home,home,,-0.0,,0,1
400278522,2,away,away,,5.0,,0,0
400278523,2,away,away,,-3.5,,1,1
400278524,2,home,home,,3.5,,0,0
400278525,2,home,home,,-3.5,,0,0
400278526,2,home,home,,-9.0,,0,1
400278527,2,home,home,,-7.5,,0,1
400278528,2,home,home,,-9.5,,1,1
400278529,2,away,away,,3.0,,0,1
400278530,2,away,away,,-3.5,,0,0
400278531,2,home,home,,2.5,,0,0
400278532,2,home,home,,3.5,,0,0
400278533,2,away,away,,6.0,,0,1
400278534,2,home,home,,-9.5,,0,0
400278535,2,away,away,,-3.0,,0,0
400278536,2,home,home,,-9.0,,0,0
400278537,2,home,away,,-11.5,,0,0
400278538,2,away,away,,1.0,,0,0
400278539,2,home,home,,-12.0,,0,0
400278540,2,away,away,,-0.0,,0,0
400278541,2,home,away,,-10.0,,0,0
400278542,2,home,home,,2.5,,0,1
400278543,2,home,home,,2.0,,1,1
400278544,2,away,away,,8.5,,1,1
400278545,2,away,away,,4.5,,1,0
400278546,2,away,away,,6.0,,0,0
400278547,2,away,away,,3.5,,1,1
400278548,2,away,away,,-3.5,,0,1
400278549,2,home,home,,-10.0,,0,0
400278550,2,away,away,,-3.0,,1,1
400278552,2,away,home,,2.5,,1,1
400278553,2,home,away,,-13.5,,0,0
400278554,2,home,home,,-6.0,,1,1
400278551,2,away,away,,3.5,,0,0
400278555,2,home,away,,-9.0,,0,1
400278556,2,away,away,,8.5,,0,0
400278557,2,home,home,,-1.0,,0,0
400278558,2,home,home,,-8.5,,0,0
400278559,2,away,away,,-3.5,,0,0
400278560,2,away,away,,2.0,,0,0
400278561,2,home,home,,-6.0,,0,0
400278562,2,away,away,,-5.0,,0,1
400278563,2,away,away,,-11.5,,0,0
400278564,2,home,home,,-8.0,,0,0
400278565,2,home,away,,-14.5,,0,0
400278566,2,away,away,,-9.0,,0,0
400278567,2,away,away,,-2.0,,0,0
400278568,2,away,away,,-5.0,,0,0
400278569,2,home,away,,-4.5,,0,0
400278570,2,home,home,,-15.5,,0,0
400278571,2,away,away,,2.5,,1,1
400278572,2,home,home,,1.5,,1,0
400278574,2,away,away,tie,-6.5,191.0,0,0
400278573,2,home,away,,-8.5,,0,1
400278575,2,home,tie,,-6.0,,0,1
400278576,2,away,away,,-7.0,,0,1
400278577,2,home,home,,-13.0,,0,1
400278578,2,away,away,,-16.0,,0,1
400278579,2,away,away,,-5.0,,0,0
400278580,2,away,away,,-5.0,,0,0
400278581,2,away,away,,-0.0,,0,0
400278582,2,home,home,,-8.0,,0,0
400278583,2,home,home,,-10.0,,0,0
400278584,2,away,away,,2.5,,0,1
400278585,2,away,away,,2.0,,0,0
400278586,2,away,home,,8.5,,0,0
400278587,2,home,home,,-3.0,,0,0
400278589,2,away,away,,7.0,,0,1
400278588,2,home,away,,-8.0,,0,0
400278590,2,away,away,,-3.5,,0,0
400278591,2,home,away,,-6.0,,0,0
400278592,2,home,home,,-14.5,,0,0
400278593,2,home,home,,-9.0,,0,0
400278594,2,home,home,,3.5,,0,0
400278595,2,home,home,,-0.0,,0,0
400278596,2,home,home,,-2.0,,0,1
400278597,2,home,home,,-5.0,,0,1
400278598,2,home,home,,-6.0,,0,1
400278599,2,home,home,,-8.5,,0,0
400278600,2,away,away,,1.5,,1,1
400278601,2,away,away,,-1.5,,1,1
400278602,2,home,away,,-5.5,,1,0
400278603,2,away,away,,8.0,,1,1
400278604,2,home,home,,-6.0,,1,1
400278605,2,home,home,,-5.5,,0,0
400278606,2,home,home,,-11.0,,0,0
400278607,2,home,away,,-6.5,,0,1
400278608,2,home,away,,-6.0,,0,0
400278609,2,away,away,,2.5,,0,0
400278610,2,home,away,,-4.5,,0,0
400278611,2,away,away,,-9.0,,0,0
400278612,2,away,away,,10.0,,0,0
400278613,2,home,home,,-9.0,,0,1
400278614,2,home,home,,-12.0,,0,0
400278615,2,home,home,,-6.0,,0,0
400278616,2,away,away,,1.0,,0,0
400278617,2,home,home,,-8.0,,0,0
400278618,2,away,tie,,7.0,,0,1
400278619,2,away,away,,8.5,,0,0
400278620,2,home,home,,1.0,,0,0
400278621,2,away,away,,-8.5,,0,1
400278622,2,home,home,,-8.0,,0,1
400278623,2,home,away,,-16.0,,0,0
400278624,2,away,away,,3.0,,0,0
400278625,2,home,away,,-7.0,,0,0
400278626,2,away,away,,1.5,,0,1
400278627,2,home,home,,3.5,,0,0
400278628,2,home,home,,-2.0,,0,0
400278629,2,home,home,,-8.0,,0,0
400278630,2,away,away,,-0.0,,0,0
400278631,2,home,home,,-9.0,,0,0
400278632,2,home,away,,-11.0,,0,1
400278633,2,away,home,,7.0,,1,0
400278634,2,home,home,,-3.5,,0,1
400278635,2,away,away,,14.0,,0,1
400278636,2,away,away,,9.0,,0,0
400278638,2,home,home,,-5.5,,0,0
400278639,2,away,home,,3.5,,0,0
400278640,2,away,away,,3.5,,0,0
400278637,2,home,tie,,-5.0,,0,0
400278641,2,home,away,,-14.0,,0,0
400278642,2,home,away,,-4.0,,0,0
400278643,2,away,away,,-10.5,,0,0
400278644,2,home,home,,-5.0,,0,0
400278645,2,home,away,,-7.0,,0,0
400278646,2,away,away,,-2.5,,0,0
400278647,2,away,away,,-4.0,,1,1
400278648,2,home,home,,-7.5,,0,1
400278649,2,home,home,,-10.5,,1,1
400278650,2,home,home,,-7.5,,1,0
400278651,2,home,home,,-13.0,,0,0
400278652,2,home,home,,7.0,,1,1
400278653,2,away,away,,-4.5,,1,0
400278654,2,home,home,,-10.0,,1,1
400278655,2,home,home,,-6.5,,1,1
400278656,2,home,away,,-6.0,,1,1
400278657,2,home,home,,3.5,,1,1
400278658,2,home,home,,-6.0,,1,1
400278659,2,home,tie,,-2.0,,0,1
400278660,2,away,away,,6.5,,0,1
400278661,2,away,away,,-1.0,,0,1
400278662,2,home,home,,-13.0,,0,0
400278663,2,home,home,,3.0,,1,1
400278664,2,home,home,,-2.5,,0,0
400278665,2,home,home,,-9.5,,0,1
400278666,2,away,away,,7.5,,0,0
400278667,2,home,home,,-3.5,,0,0
400278668,2,home,home,,10.0,,0,0
400278669,2,away,away,,6.5,,0,0
400278670,2,home,home,,-1.0,,0,0
400278671,2,home,home,,-6.0,,1,0
400278672,2,home,home,,-10.0,,0,0
400278673,2,away,away,,-1.5,,0,0
400278674,2,home,home,,10.0,,0,1
400278675,2,away,away,,1.5,,0,0
400278676,2,away,home,,9.0,,0,1
400278677,2,home,home,,1.0,,1,0
400278678,2,home,home,,-14.5,,0,0
400278679,2,home,home,,-5.5,,1,0
400278680,2,home,home,,-2.5,,1,1
400278681,2,home,home,,-12.0,,0,0
400278682,2,home,home,,-12.5,,0,0
400278683,2,home,home,,3.5,,0,0
400278684,2,home,home,,-7.0,,0,0
400278685,2,away,away,,-6.0,,0,1
400278686,2,home,away,,-12.5,,0,0
400278687,2,home,away,,-8.0,,0,0
400278688,2,home,home,,-4.0,,0,1
400278689,2,home,home,,-12.5,,0,0
400278690,2,home,home,,-4.0,,0,0
400278691,2,away,away,,-10.0,,0,0
400278692,2,home,home,,-7.5,,0,1
400278693,2,home,away,,-14.5,,0,0
400278694,2,home,away,,-15.5,,0,0
400278695,2,away,away,,6.0,,0,0
400278696,2,home,home,,-9.0,,1,0
400278697,2,home,away,,-7.5,,0,0
400278698,2,away,away,,-6.0,,0,0
400278699,2,home,home,,-6.0,,1,1
400278700,2,home,home,,-14.0,,0,1
400278701,2,home,home,,6.0,,0,1
400278702,2,home,away,,-12.0,,0,1
400278703,2,home,home,,-1.5,,0,1
400278704,2,home,home,,-10.0,,0,0
400278705,2,away,away,,6.5,,0,1
400278706,2,home,away,,-10.5,,1,1
400278707,2,home,tie,,-13.0,,0,0
400278708,2,away,away,,-6.5,,1,1
400278709,2,home,home,,2.0,,1,0
400278710,2,away,away,,5.5,,1,1
400278711,2,away,away,,-4.0,,0,0
400278712,2,home,home,,-9.5,,0,0
400278713,2,home,away,,-1.5,,0,1
400278714,2,home,home,,6.5,,0,0
400278715,2,away,away,,6.5,,1,0
400278716,2,away,away,,-4.0,,0,1
400278717,2,away,away,,4.5,,1,0
400278718,2,away,home,,6.0,,0,0
400278719,2,away,home,,2.5,,0,0
400278720,2,home,home,,-13.0,,0,0
400278721,2,away,away,,3.0,,0,0
400278722,2,home,home,,3.5,,0,1
400278723,2,away,away,,-10.0,,0,0
400278724,2,home,home,,-11.0,,1,0
400278725,2,home,home,,-6.0,,0,0
400278726,2,away,away,,-8.5,,0,1
400278727,2,home,home,,9.5,,0,0
400278728,2,home,home,,7.0,,0,0
400278729,2,away,home,,11.0,,0,1
400278730,2,home,home,,-10.0,,1,1
400278731,2,home,home,,-5.0,,0,0
400278732,2,home,home,,1.5,,0,1
400278733,2,home,home,,3.0,,0,0
400278734,2,home,away,,-8.0,,0,0
400278735,2,away,away,,-4.5,,0,0
400278736,2,home,home,,-8.5,,0,0
400278737,2,away,away,,-0.0,,0,0
400278738,2,home,home,,-10.0,,1,0
400278739,2,away,away,,-5.0,,0,0
400278740,2,home,away,,-14.0,,0,1
400278741,2,home,away,,-4.5,,0,0
400278742,2,away,away,,-2.5,,0,0
400278743,2,away,home,,10.5,,0,1
400278744,2,home,home,,-7.0,,0,0
400278745,2,away,away,,-7.5,,0,0
400278746,2,home,away,,-16.0,,0,0
400278747,2,home,home,,5.0,,0,0
400278748,2,home,home,,-13.0,,0,0
400278749,2,home,home,,-4.0,,0,0
400278750,2,home,away,,-10.0,,0,0
400278751,2,away,away,,-4.5,,0,1
400278752,2,away,away,,-9.0,,0,0
400278753,2,away,home,,3.0,,0,1
400278754,2,home,home,,-6.0,,1,1
400278755,2,home,home,,1.0,,0,0
400278756,2,home,away,,-8.5,,1,1
400278757,2,home,away,,-15.0,,0,0
400278758,2,home,away,,-8.0,,0,0
400278759,2,home,home,,-8.5,,0,1
400278760,2,away,away,,-3.5,,0,0
400278761,2,home,home,,-18.5,,0,1
400278762,2,home,home,,1.5,,1,1
400278763,2,home,home,,-12.5,,0,0
400278764,2,away,away,,-0.0,,1,0
400278765,2,home,away,,-6.5,,1,1
400278766,2,away,home,,4.5,,0,1
400278767,2,away,away,,-1.5,,1,0
400278768,2,home,home,,3.0,,1,1
400278769,2,away,away,,12.5,,0,1
400278770,2,home,away,,-7.5,,1,1
400278771,2,home,home,,6.5,,0,0
400278772,2,home,home,,-8.5,,0,1
400278773,2,home,home,,-1.0,,0,0
400278774,2,away,away,,-2.0,,0,0
400278775,2,away,away,,-2.0,,0,0
400278776,2,home,home,,-1.0,,0,0
400278777,2,away,away,,3.0,,0,0
400278778,2,home,home,,-1.0,,1,0
400278779,2,home,home,,-4.0,,0,0
400278780,2,away,home,,3.0,,0,1
400278781,2,home,home,,-1.5,,1,0
400278782,2,home,home,,5.0,,0,0
400278783,2,away,away,,5.0,,0,1
400278784,2,away,away,,-1.5,,0,0
400278785,2,home,home,,5.0,,0,0
400278786,2,away,home,,5.0,,0,0
400278787,2,home,home,,5.0,,0,0
400278788,2,home,home,,-10.0,,0,0
400278789,2,away,away,,-10.0,,0,0
400278790,2,away,away,,-2.5,,0,0
400278791,2,home,home,,-2.0,,0,1
400278792,2,away,away,,-3.5,,0,1
400278793,2,away,away,,1.5,,1,1
400278794,2,home,home,,3.0,,0,1
400278795,2,home,home,,-2.0,,0,0
400278796,2,home,away,,-13.5,,0,0
400278797,2,away,away,,1.5,,0,0
400278798,2,away,away,,1.0,,0,0
400278799,2,home,home,,-5.5,,0,0
400278800,2,away,away,,8.0,,0,0
400278801,2,home,home,,8.5,,0,0
400278802,2,home,away,,-4.5,,0,0
400278803,2,home,home,,-8.0,,0,0
400278804,2,away,away,,-3.5,,0,0
400278805,2,home,away,,-4.0,,1,0
400278806,2,home,away,,-12.0,,1,1
400278807,2,home,away,,-9.5,,0,0
400278808,2,home,home,,-2.0,,1,1
400278809,2,away,away,,5.5,,1,1
400278810,2,away,away,,5.5,,0,1
400278811,2,home,home,,-5.0,,1,1
400278812,2,away,home,,10.5,,0,0
400278813,2,away,away,,1.5,,0,0
400278814,2,home,home,,-9.0,,0,1
400278815,2,home,home,,-3.5,,0,0
400278816,2,home,home,,-6.0,,1,0
400278817,2,home,away,,-9.0,,1,0
400278818,2,away,away,,-1.5,,1,1
400278819,2,home,home,,-6.5,,0,0
400278820,2,away,away,,-6.5,,1,1
400278821,2,home,away,,-10.0,,0,1
400278822,2,home,home,,-10.5,,0,0
400278823,2,home,away,,-3.5,,0,0
400278824,2,home,away,,-12.5,,0,0
400278825,2,home,home,,-3.0,,0,0
400278826,2,home,home,,-8.5,,0,0
400278827,2,away,away,,-4.0,,0,0
400278828,2,home,home,,-1.0,,0,0
400278829,2,away,away,,-8.0,,0,0
400278830,2,home,home,,-5.0,,0,0
400278831,2,home,home,,-4.5,,0,1
400278832,2,home,home,,4.0,,1,0
400278833,2,away,away,,-3.5,,0,0
400278834,2,away,away,,1.0,,0,0
400278835,2,home,away,,-8.5,,1,0
400278836,2,away,away,,-7.5,,0,0
400278837,2,home,tie,,-14.0,,0,0
400278838,2,away,away,,-1.0,,0,0
400278839,2,away,away,,4.5,,0,0
400278840,2,away,away,,4.0,,0,0
400278841,2,home,home,,-14.5,,0,0
400278842,2,home,home,,-8.0,,0,0
400278843,2,away,away,,-5.0,,1,0
400278844,2,home,away,,-6.0,,1,0
400278845,2,home,home,,-7.0,,0,1
400278847,2,away,away,,-6.0,,0,0
400278848,2,home,home,,-7.0,,0,1
400278849,2,away,away,,-7.0,,0,0
400278846,2,away,away,,5.5,,0,0
400278850,2,away,away,,-1.5,,0,1
400278851,2,home,away,,-9.0,,0,0
400278852,2,away,away,,-5.0,,0,0
400278853,2,home,home,,-8.5,,0,0
400278854,2,away,home,,7.0,,0,0
400278855,2,away,away,,1.0,,0,1
400278856,2,away,away,,4.5,,0,0
400278857,2,home,away,,-3.0,,0,0
400278858,2,home,home,,5.0,,0,0
400278859,2,home,away,,-13.0,,0,0
400278860,2,home,home,,-6.0,,0,1
400278861,2,home,away,,-6.5,,1,0
400278862,2,home,home,,-6.0,,0,1
400278863,2,home,away,,-7.5,,0,0
400278864,2,home,home,,-4.5,,0,1
400278865,2,away,away,,-7.0,,1,0
400278866,2,home,home,,-4.0,,0,1
400278867,2,home,home,,-8.0,,0,1
400278868,2,home,home,,-5.5,,0,1
400278869,2,away,home,,5.5,,1,1
400278870,2,home,home,,4.5,,0,1
400278871,2,away,away,,-5.0,,0,0
400278872,2,away,home,,4.5,,0,0
400278873,2,away,away,,-0.0,,0,0
400278874,2,home,away,,-12.5,,0,0
400278875,2,home,home,,-8.0,,0,0
400278876,2,home,home,,-11.0,,0,0
400278877,2,home,home,,-7.0,,0,0
400278878,2,away,away,,-5.0,,0,0
400278879,2,home,home,,-14.5,,0,0
400278880,2,home,away,,-16.0,,0,0
400278881,2,away,away,,2.5,,0,0
400278882,2,home,away,,-9.0,,0,0
400278883,2,home,home,,-7.0,,0,0
400278884,2,away,away,,2.0,,1,0
400278885,2,away,away,,-2.5,,1,1
400278886,2,home,home,,4.0,,0,1
400278887,2,away,away,,-2.5,,1,0
400278888,2,away,away,,-4.0,,0,0
400278889,2,away,away,,-14.5,,0,1
400278890,2,home,home,,-5.5,,0,1
400278891,2,away,away,,5.0,,0,1
400278892,2,home,home,,-4.0,,0,0
400278893,2,home,home,,-11.0,,0,1
400278894,2,home,home,,3.0,,0,0
400278895,2,away,away,,4.0,,0,0
400278896,2,home,home,,-3.0,,0,0
400278897,2,away,away,,-4.0,,0,0
400278898,2,away,away,,-6.0,,0,1
400278899,2,home,away,,-7.0,,0,0
400278900,2,home,away,,-13.0,,0,1
400278901,2,home,home,,-8.0,,0,0
400278902,2,away,away,,7.0,,0,0
400278903,2,away,home,,8.0,,0,0
400278904,2,away,away,,-2.0,,0,0
400278905,2,home,home,,-2.0,,0,0
400278906,2,home,away,,-12.5,,0,0
400278907,2,home,away,,-8.0,,0,0
400278908,2,away,away,,9.5,,0,1
400278909,2,home,away,,-5.0,,0,1
400278910,2,home,home,,3.5,,1,1
400278911,2,away,away,,4.0,,0,1
400278912,2,away,away,,-4.0,,1,1
400278913,2,home,home,,-7.5,,1,0
400278914,2,home,home,,-8.0,,0,0
400278915,2,home,home,,2.5,,0,0
400278916,2,home,home,,-4.5,,0,0
400278917,2,home,home,,-6.5,,0,0
400278918,2,home,away,,-13.5,,1,1
400278919,2,away,away,,3.0,,1,1
400278920,2,home,home,,-12.0,,1,1
400278921,2,home,home,,4.5,,0,0
400278922,2,home,home,,9.5,,0,1
400278923,2,away,away,,3.5,,0,1
400278924,2,away,away,,-2.0,,1,1
400278925,2,home,away,,-7.0,,1,0
400278926,2,home,home,,-3.0,,0,1
400278927,2,away,home,,5.0,,0,0
400278928,2,away,away,,4.0,,0,0
400278929,2,home,away,,-15.5,,0,0
400278930,2,away,away,,2.5,,0,0
400278931,2,home,home,,7.0,,0,0
400278932,2,home,home,,1.0,,0,1
400278933,2,away,away,,-5.5,,0,0
400278935,2,home,home,,-14.0,,0,0
400278936,2,home,home,,-5.0,,1,0
400278937,2,home,away,,-6.0,,0,0
400278938,2,home,home,,-3.5,,0,1
400278939,2,home,home,,-3.0,,0,0
400278940,2,home,home,,-5.5,,0,0
400278941,2,away,away,,-6.5,,0,0
400278942,2,home,away,,-6.5,,0,0
400278943,2,home,home,,-7.0,,0,0
400278944,2,home,home,,-7.5,,0,0
400278945,2,away,away,,-8.5,,0,0
400278946,2,away,away,,-4.5,,0,0
400278947,2,home,home,,-12.5,,0,0
400278948,2,home,home,,-3.5,,0,0
400278949,2,away,home,,8.0,,0,1
400278950,2,away,away,,8.0,,1,0
400459776,3,home,away,,-8.0,,0,0
400459943,3,home,away,,-7.5,,0,0
400459778,3,home,home,,-5.0,,0,0
400459975,3,home,home,,-5.0,,0,0
400459777,3,home,home,,-6.0,,0,0
400459787,3,home,home,,-8.5,,0,0
400459775,3,home,home,,-12.5,,0,0
400459779,3,home,home,,-11.0,,0,0
400459947,3,away,away,,-4.5,,0,0
400459977,3,home,away,,-5.5,,0,0
400459786,3,home,home,,-5.5,,0,0
400459959,3,home,home,,-7.0,,0,0
400459944,3,away,away,,-7.0,,0,0
400459780,3,home,away,,-10.5,,0,0
400459980,3,home,home,,-7.0,,0,0
400459788,3,home,home,,-5.5,,0,0
400459793,3,away,away,,7.5,,0,0
400459951,3,home,away,,-4.0,,0,0
400459978,3,home,home,,-4.0,,0,0
400459960,3,away,away,,-3.0,,0,0
400459789,3,away,away,,3.0,,0,0
400459945,3,home,home,,1.5,,0,0
400459952,3,home,home,,-3.0,,1,1
400459979,3,home,home,,-3.0,,1,1
400459984,3,home,home,,-2.0,,0,0
400459781,3,away,tie,,3.0,,0,0
400459961,3,home,home,,1.5,,1,1
400459955,3,away,away,,-5.5,,0,0
400459790,3,away,away,,-5.5,,1,1
400459946,3,home,home,,1.5,,0,0
400459953,3,home,home,,-5.5,,0,0
400459985,3,home,home,,-1.5,,0,0
400459782,3,home,home,,2.0,,0,0
400459948,3,home,away,,-7.5,,0,0
400459981,3,away,away,,-5.5,,0,0
400459962,3,away,away,,-8.0,,0,0
400459986,3,home,home,,-6.5,,0,0
400459783,3,away,away,,-8.5,,0,0
400459974,3,away,away,,-1.5,,0,0
400459949,3,home,home,,1.0,,0,0
400459963,3,away,away,,-6.0,,0,0
400459987,3,away,away,,-6.0,,1,1
400459982,3,home,home,,-6.0,,0,0
400459784,3,away,away,,-6.0,,0,0
400459976,3,away,away,,-6.0,,0,0
400464192,3,home,away,,-4.0,,1,1
400464191,3,away,away,,-5.0,,0,0
400464356,3,away,away,,-11.5,,0,1
400464174,3,home,away,,-8.0,,0,0
400464340,3,home,home,,-5.5,,0,0
400464337,3,away,away,,-3.0,,0,0
400464357,3,home,home,over,-13.0,187.0,0,0
400464175,3,away,away,,-8.0,,0,0
400464359,3,away,away,,6.5,,0,0
400464339,3,away,away,,-1.5,,0,0
400464338,3,home,home,,-3.5,,0,0
400464341,3,home,home,,-4.0,,0,0
400464459,3,home,home,,-1.5,,1,1
400464463,3,away,away,,-1.0,,0,0
400464455,3,home,home,,-1.0,,0,0
400464467,3,home,home,,-5.0,,0,0
400464460,3,home,home,,-8.0,,0,0
400464464,3,home,home,,-1.0,,0,0
400464456,3,away,away,,-1.0,,0,0
400464468,3,home,home,,-5.0,,0,0
400464461,3,away,away,under,2.5,195.0,0,0
400464469,3,home,home,,-4.5,,0,0
400466474,3,home,home,,-4.5,,0,0
400466475,3,home,home,,2.0,,0,0
400466594,3,home,away,,-8.5,,0,0
400466595,3,away,away,,-7.0,,0,0
400466476,3,away,away,,-4.5,,0,0
400466596,3,away,away,,-0.0,,0,0
400466477,3,away,away,,2.0,,0,0
400466597,3,home,home,,2.0,,0,0
400466598,3,home,home,,-8.0,,0,0
400466599,3,home,home,,3.0,,0,0
400466600,3,home,home,,-7.5,,0,0
400467195,3,away,away,,-5.5,,0,0
400467334,3,home,home,,-5.5,,0,0
400467335,3,home,home,,-2.0,,0,0
400467336,3,away,away,,-2.0,,0,0
400467337,3,home,home,,-0.0,,0,0
400467338,3,home,away,,-7.0,,0,0
400467339,3,home,home,,-6.0,,0,0
400491494,1,away,,,,,0,0
400491495,1,away,,,,,0,0
400491496,1,away,,,,,0,0
400491497,1,home,,,,,0,0
400491498,1,away,,,,,0,0
400491499,1,away,,,,,1,0
400491504,1,away,,,,,0,0
400491505,1,home,,,,,0,0
400491500,1,home,,,,,0,0
400491501,1,away,,,,,0,0
400491506,1,away,,,,,0,0
400491502,1,home,,,,,0,0
400491503,1,away,,,,,0,0
400491507,1,home,,,,,0,0
400491514,1,away,,,,,0,0
400491508,1,away,,,,,0,0
400491509,1,home,,,,,0,0
400491512,1,away,,,,,0,1
400491513,1,home,,,,,0,0
400491510,1,home,,,,,0,1
400491511,1,home,,,,,0,0
400491515,1,away,,,,,0,1
400491516,1,away,,,,,0,1
400491519,1,away,,,,,0,0
400491517,1,away,,,,,0,0
400491520,1,home,,,,,0,0
400491518,1,away,,,,,0,0
400491524,1,away,,,,,0,0
400491523,1,away,,,,,0,0
400491521,1,home,,,,,0,0
400491522,1,away,,,,,0,0
400491525,1,home,,,,,0,0
400491526,1,home,,,,,0,0
400491527,1,away,,,,,0,0
400491529,1,home,,,,,0,0
400491528,1,home,,,,,0,0
400491530,1,away,,,,,0,0
400491533,1,home,,,,,1,1
400491534,1,away,,,,,0,0
400491531,1,away,,,,,0,0
400491535,1,away,,,,,0,1
400491532,1,away,,,,,1,0
400491537,1,home,,,,,0,0
400491536,1,home,,,,,0,0
400491538,1,away,,,,,0,0
400491539,1,home,,,,,0,0
400491540,1,away,,,,,0,0
400491543,1,away,,,,,0,0
400491541,1,home,,,,,0,0
400491542,1,home,,,,,0,0
400491550,1,away,,,,,0,0
400491544,1,home,,,,,0,0
400491545,1,away,,,,,0,0
400491549,1,home,,,,,1,0
400491546,1,home,,,,,0,0
400491547,1,home,,,,,0,1
400491548,1,away,,,,,0,1
400491551,1,home,,,,,0,1
400491552,1,away,,,,,0,1
400491553,1,home,,,,,0,0
400491554,1,home,,,,,0,0
400491555,1,away,,,,,0,0
400491556,1,home,,,,,0,0
400491557,1,away,,,,,0,0
400491558,1,home,,,,,0,0
400491561,1,away,,,,,0,0
400491559,1,away,,,,,0,0
400491562,1,home,,,,,0,0
400491560,1,home,,,,,0,0
400491565,1,home,,,,,0,0
400491563,1,away,,,,,1,0
400491564,1,home,,,,,0,0
400491566,1,away,,,,,0,0
400491567,1,home,,,,,1,0
400491568,1,away,,,,,0,0
400491569,1,home,,,,,1,0
400491570,1,away,,,,,0,0
400491571,1,home,,,,,1,0
400491572,1,away,,,,,0,0
400491573,1,home,,,,,0,0
400491574,1,home,,,,,0,0
400491575,1,home,,,,,0,0
400491576,1,home,,,,,0,0
400491577,1,home,,,,,0,0
400491578,1,home,,,,,0,0
400491579,1,home,,,,,0,0
400491580,1,home,,,,,0,0
400491582,1,away,,,,,0,0
400491583,1,home,,,,,0,0
400491584,1,home,,,,,0,0
400491581,1,home,,,,,0,0
400491585,1,home,,,,,0,0
400491586,1,home,,,,,0,0
400491587,1,home,,,,,0,0
400491588,1,away,,,,,0,0
400491589,1,away,,,,,0,1
400491590,1,home,,,,,0,0
400491591,1,away,,,,,0,0
400491594,1,home,,,,,0,0
400491592,1,away,,,,,0,1
400491596,1,away,,,,,1,0
400491593,1,home,,,,,0,0
400491595,1,home,,,,,0,1
400491597,1,home,,,,,0,1
400491599,1,home,,,,,0,1
400491598,1,away,,,,,0,0
400491600,1,away,,,,,1,0
400491601,1,away,,,,,0,1
400491605,1,away,,,,,1,1
400491606,1,away,,,,,1,0
400491602,1,home,,,,,0,0
400491603,1,away,,,,,0,1
400491608,1,away,,,,,0,0
400491604,1,home,,,,,0,0
400491609,1,away,,,,,0,0
400488874,2,home,away,,-11.5,,0,0
400488875,2,home,home,,-5.5,,0,0
400488876,2,home,home,,8.5,,0,0
400488877,2,home,home,,4.0,,0,0
400488878,2,home,home,,9.5,,0,0
400488879,2,home,away,,-7.5,,0,0
400488880,2,home,home,,-2.0,,0,0
400488881,2,home,away,,-9.0,,0,0
400488882,2,home,home,,-12.0,,0,0
400488883,2,home,away,,-8.5,,0,0
400488884,2,away,away,,3.0,,0,0
400488885,2,home,home,,-5.0,,0,0
400488886,2,home,home,,-5.5,,0,0
400488887,2,away,home,,4.5,,0,0
400488888,2,home,home,,2.5,,0,0
400488889,2,home,home,,4.0,,0,0
400488890,2,home,home,,-11.5,,0,1
400488891,2,home,away,,-5.5,,0,0
400488892,2,home,home,,-6.5,,0,1
400488893,2,home,home,,2.0,,1,0
400488894,2,home,home,,3.0,,1,1
400488895,2,away,away,,-7.5,,0,0
400488896,2,home,home,,-4.5,,1,0
400488897,2,away,away,,-1.5,,0,0
400488898,2,home,home,,-7.0,,0,0
400488899,2,home,away,,-8.0,,0,0
400488900,2,home,home,,3.0,,0,0
400488901,2,home,home,,3.0,,0,0
400488902,2,away,away,,-8.0,,0,0
400488903,2,home,home,,-1.0,,0,0
400488904,2,away,away,,4.5,,0,1
400488905,2,away,home,,9.0,,0,0
400488906,2,home,home,,-7.5,,0,1
400488907,2,home,home,,7.0,,1,1
400488908,2,home,home,,-7.0,,0,0
400488909,2,home,home,,-2.5,,1,1
400488910,2,away,away,,-1.0,,0,0
400488911,2,away,away,,4.5,,1,1
400488912,2,home,home,,4.5,,1,1
400488913,2,home,home,,-7.5,,0,1
400488914,2,home,home,,-8.0,,1,0
400488915,2,home,away,,-12.0,,1,0
400488916,2,home,home,,6.0,,0,1
400488917,2,home,away,,-13.5,,0,0
400488918,2,away,away,,-5.0,,0,0
400488919,2,home,home,,1.5,,0,0
400488920,2,home,away,,-1.5,,0,1
400488921,2,away,away,,7.0,,0,0
400488922,2,home,away,,-11.5,,0,0
400488923,2,home,home,,-4.5,,0,0
400488924,2,away,away,,7.5,,0,0
400488925,2,home,home,,-10.0,,0,0
400488926,2,away,away,,1.5,,0,0
400488927,2,away,away,,-11.0,,0,0
400488928,2,away,away,,-8.0,,0,0
400488929,2,home,home,,-9.5,,0,0
400488930,2,away,away,,3.5,,0,0
400488931,2,away,away,,-1.0,,0,1
400488932,2,away,away,,-2.5,,0,0
400488933,2,home,home,,1.5,,1,1
400488934,2,home,home,,-1.5,,1,0
400488935,2,home,home,,9.5,,0,0
400488936,2,away,away,,1.0,,0,0
400488937,2,home,home,,1.0,,0,1
400488938,2,away,away,,-8.5,,0,1
400488939,2,home,home,,-3.0,,0,0
400488940,2,away,away,,-1.0,,0,0
400488941,2,home,away,,-15.0,,1,1
400488942,2,home,home,,-7.5,,0,1
400488943,2,home,tie,,-5.0,,0,1
400488944,2,home,away,,-4.0,,0,0
400488945,2,away,away,,-14.0,,0,0
400488946,2,away,away,,2.5,,0,0
400488947,2,home,away,,-8.5,,0,0
400488948,2,away,away,,-5.5,,0,0
400488949,2,home,home,,-2.5,,0,0
400488950,2,home,home,,2.0,,0,0
400488951,2,away,away,,4.0,,0,0
400488952,2,home,home,,-14.0,,0,0
400488953,2,home,home,,-3.0,,0,0
400488954,2,home,home,,-8.0,,0,1
400488955,2,home,away,,-5.5,,0,0
400488956,2,home,home,,-0.0,,0,1
400488957,2,home,home,,-5.5,,0,0
400488958,2,home,home,,-8.0,,1,1
400488959,2,home,home,,-8.5,,0,1
400488960,2,away,away,,-1.5,,1,1
400488961,2,home,away,,-7.5,,1,1
400488962,2,away,away,,-15.5,,0,1
400488963,2,away,away,,-3.5,,0,0
400488964,2,home,home,,1.0,,0,1
400488965,2,away,away,,4.0,,0,1
400488966,2,away,away,,-1.0,,1,1
400488967,2,away,away,,6.0,,1,1
400488968,2,home,away,,-11.0,,0,0
400488969,2,home,home,,1.0,,0,0
400488970,2,away,away,,4.5,,0,0
400488971,2,away,away,,3.5,,0,0
400488972,2,home,home,,-7.0,,0,0
400488973,2,away,away,,9.0,,0,0
400488974,2,home,home,,-2.0,,0,0
400488975,2,home,home,,-10.5,,0,0
400488976,2,home,away,,-9.5,,0,0
400488977,2,away,away,,-1.5,,0,0
400488978,2,home,home,,-4.5,,0,0
400488979,2,home,away,,-7.5,,0,1
400488980,2,home,home,,-12.5,,0,0
400488981,2,home,home,,-6.5,,0,0
400488982,2,home,home,,-10.0,,0,1
400488983,2,home,home,,2.0,,0,0
400488984,2,home,away,,-4.0,,0,1
400488985,2,home,home,,9.0,,0,0
400488986,2,away,away,,-2.5,,0,0
400488987,2,away,away,,-7.5,,0,0
400488988,2,home,home,,-8.5,,0,0
400488989,2,away,away,,-3.5,,0,0
400488990,2,home,home,,-11.0,,0,1
400488991,2,home,home,,-9.0,,0,1
400488992,2,home,home,,-2.0,,0,1
400488993,2,home,away,,-8.0,,0,0
400488994,2,home,home,,2.0,,0,0
400488995,2,home,home,,-3.0,,0,0
400488996,2,away,home,,3.5,,1,1
400488997,2,home,away,,-2.5,,0,1
400488998,2,home,home,,-14.5,,0,0
400488999,2,away,away,,1.5,,0,0
400489000,2,home,home,,-8.5,,0,0
400489001,2,away,away,,3.5,,0,0
400489002,2,away,away,,-7.0,,0,0
400489003,2,home,away,,-7.5,,0,0
400489004,2,home,home,,1.5,,0,0
400489005,2,away,away,,1.0,,0,0
400489006,2,away,away,,8.0,,0,0
400489007,2,away,home,,4.5,,0,0
400489008,2,away,away,,1.5,,0,0
400489009,2,away,away,,9.0,,1,1
400489010,2,away,away,,4.5,,0,1
400489011,2,away,away,,-5.5,,0,1
400489012,2,away,away,,-3.0,,0,1
400489013,2,home,home,,-4.0,,1,1
400489014,2,home,home,,-9.0,,0,1
400489015,2,home,home,,-11.0,,1,1
400489016,2,home,home,,-7.5,,0,1
400489017,2,away,away,,10.5,,1,0
400489018,2,home,home,,-13.5,,0,1
400489019,2,home,away,,-9.0,,0,1
400489020,2,away,away,,-0.0,,1,1
400489021,2,away,away,,2.0,,1,1
400489022,2,home,home,,-0.0,,0,0
400489023,2,away,away,,-3.0,,0,0
400489024,2,home,away,,-12.0,,0,0
400489025,2,home,away,,-10.0,,0,0
400489026,2,home,away,,-12.0,,0,0
400489027,2,away,away,,8.0,,0,0
400489028,2,away,away,,-9.0,,0,0
400489029,2,home,home,,2.5,,0,0
400489030,2,home,home,,-4.5,,0,0
400489031,2,home,home,,-8.5,,0,0
400489032,2,home,home,,-12.0,,0,0
400489033,2,home,away,,-3.5,,0,0
400489034,2,home,home,,3.5,,0,0
400489035,2,away,away,,-1.5,,0,1
400489036,2,away,away,,4.5,,1,0
400489037,2,away,away,,8.5,,0,1
400489038,2,away,away,,3.5,,0,0
400489039,2,home,home,,-5.0,,1,1
400489040,2,away,away,,4.0,,0,0
400489041,2,away,away,,1.5,,1,0
400489042,2,home,away,,-8.0,,0,0
400489043,2,home,away,,-15.0,,0,1
400489044,2,away,away,,-5.0,,1,1
400489045,2,home,away,,-4.0,,0,1
400489046,2,away,away,,-8.5,,0,0
400489047,2,home,home,,-4.5,,0,1
400489048,2,home,home,,3.5,,0,0
400489049,2,away,away,,-2.5,,0,0
400489050,2,home,home,,-2.5,,0,0
400489051,2,home,home,,-6.0,,0,0
400489052,2,away,away,,7.5,,0,0
400489053,2,away,away,,-4.0,,0,0
400489054,2,away,away,,1.0,,0,0
400489055,2,home,home,,-9.0,,0,0
400489056,2,home,away,,-7.5,,0,0
400489057,2,home,away,,-12.5,,0,0
400489058,2,home,home,,-2.5,,0,1
400489059,2,home,home,,5.0,,0,0
400489060,2,home,away,,-9.5,,1,0
400489061,2,home,away,,-13.5,,1,1
400489062,2,home,home,,-3.5,,1,0
400489063,2,away,away,,-9.5,,1,1
400489064,2,home,away,,-13.0,,0,0
400489065,2,home,home,,-6.0,,0,1
400489066,2,away,away,,-5.0,,1,1
400489067,2,home,home,,-12.5,,1,1
400489068,2,home,home,,-1.0,,0,1
400489069,2,away,away,,-8.5,,1,1
400489070,2,away,away,,-1.5,,1,1
400489071,2,home,home,,-7.5,,1,1
400489072,2,away,away,,-1.0,,0,1
400489073,2,home,home,,-14.0,,0,0
400489074,2,home,home,,-4.0,,0,0
400489075,2,away,away,,-4.0,,0,0
400489076,2,home,home,,-6.5,,0,0
400489077,2,home,home,,-8.0,,0,0
400489078,2,home,home,,-12.0,,0,0
400489079,2,away,away,,1.5,,0,0
400489080,2,away,away,,-5.0,,0,0
400489081,2,home,home,,-10.0,,0,0
400489082,2,home,home,,2.5,,1,0
400489083,2,home,home,,-8.0,,0,0
400489084,2,away,away,,-2.0,,0,0
400489085,2,home,away,,-6.5,,0,0
400489086,2,away,away,,-9.5,,0,0
400489087,2,away,tie,,1.0,,1,0
400489088,2,away,away,,8.5,,0,0
400489089,2,home,home,,-6.5,,1,0
400489090,2,away,away,,2.5,,0,0
400489091,2,away,away,,-2.0,,1,1
400489092,2,away,away,,7.5,,0,0
400489093,2,away,away,,-2.5,,0,0
400489094,2,home,home,,-8.0,,0,1
400489095,2,away,away,,4.0,,0,1
400489096,2,away,away,,-4.5,,0,0
400489097,2,home,home,,-4.0,,0,0
400489098,2,home,home,,-2.5,,0,1
400489099,2,home,home,,4.0,,0,0
400489100,2,home,home,,-10.0,,0,0
400489101,2,home,home,,-6.0,,0,0
400489102,2,away,away,,8.5,,0,0
400489103,2,away,away,,6.0,,0,0
400489104,2,home,tie,,-1.0,,0,0
400489105,2,home,home,,-4.0,,0,0
400489106,2,away,away,,-5.0,,0,0
400489107,2,home,home,,-10.0,,0,0
400489108,2,home,away,,-7.0,,0,0
400489109,2,home,home,,-12.0,,0,0
400489110,2,away,away,,3.5,,0,0
400489111,2,home,away,,-9.0,,0,0
400489112,2,away,away,,2.0,,0,0
400489113,2,away,away,,3.5,,0,0
400489114,2,home,home,,-3.5,,1,1
400489115,2,home,home,,3.0,,1,0
400489116,2,away,away,,-8.0,,0,1
400489117,2,away,away,,-4.5,,1,0
400489118,2,away,away,,-6.5,,1,1
400489119,2,away,away,,-8.0,,1,1
400489120,2,home,home,,-2.5,,1,1
400489121,2,away,away,,-0.0,,1,1
400489122,2,away,away,,-1.5,,1,1
400489123,2,home,home,,-9.5,,1,1
400489124,2,away,home,,4.0,,1,1
400489125,2,home,away,,-11.5,,1,1
400489126,2,home,home,,-8.5,,0,1
400489127,2,away,away,,-1.0,,0,0
400489128,2,away,away,,3.5,,0,0
400489129,2,home,home,,-6.0,,0,0
400489130,2,away,away,,-4.5,,0,1
400489131,2,home,away,,-11.0,,0,0
400489132,2,home,home,,7.5,,0,0
400489133,2,home,home,,1.0,,1,0
400489134,2,home,away,,-2.0,,0,1
400489135,2,home,home,,-7.0,,0,0
400489136,2,away,away,,2.0,,0,0
400489137,2,away,away,,-10.5,,0,0
400489138,2,home,home,,-3.0,,0,0
400489139,2,home,away,,-8.5,,0,0
400489140,2,away,home,,7.0,,0,0
400489141,2,home,home,,-7.5,,0,0
400489142,2,home,home,,4.0,,0,1
400489143,2,home,home,,3.0,,0,0
400489144,2,away,away,under,-10.0,212.0,0,1
400489145,2,away,away,over,4.5,193.0,1,1
400489146,2,away,away,under,-2.5,208.0,0,1
400489147,2,away,away,,8.5,,0,0
400489149,2,home,home,,-1.0,,0,1
400489150,2,away,away,,1.5,,0,0
400489151,2,away,away,,-0.0,,0,1
400489152,2,home,home,,4.5,,0,0
400489153,2,home,home,,-5.5,,0,0
400489154,2,away,away,,-8.0,,0,0
400489155,2,home,home,,-6.5,,0,0
400489156,2,home,home,,4.0,,0,0
400489157,2,home,home,,-6.5,,1,0
400489158,2,home,home,,-6.5,,0,0
400489159,2,away,away,,4.5,,0,0
400489160,2,home,home,,-3.5,,0,0
400489161,2,home,home,,-12.0,,0,0
400489162,2,away,away,,-4.0,,0,0
400489163,2,away,away,,6.0,,1,1
400489164,2,home,home,,6.0,,1,0
400489165,2,away,away,,-4.0,,0,0
400489166,2,away,away,,-0.0,,0,1
400489167,2,away,away,,6.0,,0,0
400489168,2,away,away,,-1.0,,1,0
400489169,2,away,away,,-4.5,,0,0
400489170,2,away,away,,-1.0,,1,1
400489171,2,away,away,,-5.5,,1,0
400489172,2,away,away,,-6.0,,1,1
400489173,2,away,away,,4.0,,0,0
400489174,2,home,away,,-12.0,,0,0
400489175,2,home,home,,-4.5,,0,1
400489176,2,away,away,,-6.0,,0,0
400489177,2,home,home,,5.0,,0,0
400489178,2,away,away,,8.5,,0,0
400489179,2,away,home,,1.5,,0,0
400489180,2,home,away,,-9.5,,0,1
400489181,2,away,away,,7.0,,0,0
400489182,2,home,home,,3.0,,0,0
400489183,2,home,home,,-3.0,,0,0
400489184,2,home,home,,-3.0,,0,0
400489185,2,away,away,,7.0,,0,0
400489186,2,away,away,,4.0,,0,0
400489187,2,home,home,,-2.0,,0,0
400489188,2,away,away,,-1.5,,0,0
400489189,2,away,away,,-7.5,,0,0
400489190,2,away,away,,-3.5,,0,0
400489191,2,away,away,,-6.0,,0,0
400489192,2,away,away,,6.5,,1,0
400489193,2,away,away,,6.0,,0,1
400489194,2,away,away,,10.5,,1,1
400489195,2,home,away,,-12.0,,1,0
400489196,2,home,home,,-3.5,,0,1
400489197,2,home,home,,-2.0,,1,1
400489198,2,away,away,,-6.5,,0,0
400489199,2,home,away,,-5.0,,0,0
400489200,2,home,home,,4.0,,0,1
400489201,2,home,home,,-4.0,,0,0
400489202,2,home,away,,-12.0,,0,0
400489203,2,away,away,,-4.0,,0,0
400489204,2,home,tie,,-8.0,,0,0
400489205,2,home,away,,-5.5,,0,0
400489206,2,home,home,,-2.5,,0,0
400489207,2,home,away,,-5.0,,0,1
400489208,2,home,home,,-3.0,,0,0
400489209,2,home,home,,-9.0,,0,0
400489210,2,away,home,,3.0,,0,0
400489211,2,home,away,,-8.5,,0,0
400489212,2,away,away,,-11.0,,0,0
400489213,2,home,home,,-7.0,,0,0
400489214,2,away,away,,-3.0,,0,1
400489215,2,away,away,,-2.0,,1,1
400489216,2,away,away,,5.0,,1,0
400489217,2,home,away,,-13.5,,0,1
400489218,2,home,home,,-1.0,,1,1
400489219,2,away,away,,1.5,,1,1
400489220,2,away,away,,9.5,,1,0
400489221,2,home,home,,-11.5,,0,1
400489222,2,away,away,,9.5,,1,1
400489223,2,home,home,,6.5,,1,1
400489224,2,away,away,,1.5,,1,1
400489225,2,away,tie,,2.0,,1,0
400489226,2,home,away,,-14.0,,0,0
400489227,2,home,home,,-7.0,,0,0
400489228,2,home,home,,-0.0,,0,0
400489229,2,away,away,,-9.5,,0,0
400489230,2,home,home,,-5.0,,0,0
400489231,2,home,home,,4.0,,0,0
400489232,2,home,home,,-10.5,,0,0
400489233,2,home,home,,-14.0,,0,0
400489234,2,away,away,,-3.5,,0,0
400489235,2,away,away,,-7.0,,0,1
400489236,2,home,home,,-1.0,,0,0
400489237,2,home,home,,-2.5,,0,0
400489238,2,away,home,,5.5,,0,0
400489239,2,away,away,,-4.5,,0,1
400489240,2,away,away,,3.5,,0,0
400489241,2,home,home,,-7.0,,0,0
400489242,2,home,tie,,-3.0,,0,0
400489243,2,away,away,,-4.0,,0,0
400489244,2,away,away,,-6.0,,0,1
400489245,2,home,home,,-8.0,,0,1
400489246,2,away,away,,-0.0,,0,0
400489247,2,away,away,,-5.0,,0,0
400489248,2,away,away,,1.5,,0,0
400489249,2,home,home,,-1.0,,0,1
400489250,2,home,home,,-9.5,,0,1
400489251,2,away,away,,3.0,,0,0
400489252,2,home,home,,-7.0,,0,0
400489253,2,home,home,,-10.5,,0,1
400489254,2,home,home,,-10.5,,0,1
400489255,2,away,away,,-2.0,,0,1
400489256,2,home,home,,5.5,,0,0
400489257,2,home,home,,-9.5,,0,0
400489258,2,home,away,,-9.0,,0,0
400489259,2,away,away,,-7.0,,0,0
400489260,2,home,home,,-12.0,,0,0
400489261,2,home,home,,-5.5,,0,0
400489262,2,away,away,,-7.0,,0,0
400489263,2,away,away,,-5.5,,0,0
400489264,2,home,home,,5.0,,0,0
400489265,2,away,away,,-3.0,,0,0
400489266,2,away,away,,-0.0,,0,0
400489268,2,away,away,,-3.5,,0,1
400489267,2,away,away,,-4.0,,1,1
400489269,2,away,away,,2.5,,1,1
400489270,2,home,home,,-3.5,,0,1
400489271,2,home,home,,-3.5,,1,1
400489272,2,away,away,,-2.5,,0,0
400489273,2,home,home,,-1.5,,1,1
400489274,2,home,away,,-9.0,,0,0
400489275,2,home,home,,-11.5,,0,1
400489276,2,home,home,,-8.0,,0,1
400489277,2,home,home,,-11.5,,1,1
400489278,2,away,away,,-11.5,,1,0
400489279,2,home,away,,-6.5,,1,0
400489280,2,home,away,,-6.5,,0,0
400489281,2,away,away,,-2.5,,0,0
400489282,2,away,away,,-1.5,,0,0
400489283,2,away,away,,5.5,,0,0
400489284,2,home,away,,-9.5,,0,0
400489285,2,away,away,,-5.5,,0,0
400489286,2,home,home,,-5.5,,0,0
400489287,2,home,home,,-11.5,,0,1
400489288,2,away,away,,-2.5,,0,0
400489289,2,home,home,,-8.0,,0,0
400489290,2,away,away,,-0.0,,0,0
400489291,2,away,away,,-3.0,,1,0
400489292,2,away,away,,2.0,,1,0
400489293,2,away,away,,5.5,,1,1
400489294,2,away,away,,-4.0,,0,0
400489295,2,home,away,,-3.0,,0,0
400489296,2,away,tie,,2.0,,0,0
400489297,2,home,home,,-7.5,,1,0
400489298,2,away,away,,3.5,,0,1
400489299,2,home,tie,,-4.0,,0,1
400489300,2,away,home,,9.5,,0,0
400489301,2,home,home,,2.5,,0,0
400489302,2,home,home,,-7.5,,0,0
400489303,2,away,away,,1.5,,0,0
400489304,2,home,home,,-7.0,,0,0
400489305,2,home,home,,-2.5,,0,0
400489306,2,home,away,,-3.0,,0,0
400489307,2,home,home,,7.5,,0,0
400489308,2,home,home,,-5.5,,0,0
400489309,2,home,home,,-2.5,,0,1
400489310,2,home,home,,-11.5,,0,1
400489311,2,home,home,,-6.5,,1,1
400489312,2,home,home,,-3.0,,1,1
400489313,2,home,away,,-6.5,,0,1
400489314,2,away,away,,2.0,,0,0
400489315,2,home,tie,,-9.0,,0,1
400489316,2,home,home,,-2.0,,0,1
400489317,2,away,away,,6.5,,1,1
400489318,2,home,home,,-10.0,,1,0
400489319,2,away,away,,-1.0,,0,1
400489320,2,home,away,,-12.5,,0,1
400489321,2,away,home,,5.0,,1,1
400489322,2,home,home,,-0.0,,1,0
400489323,2,home,home,,-3.5,,0,1
400489324,2,home,away,,-12.5,,0,0
400489325,2,away,away,,-8.0,,0,1
400489326,2,away,away,,-4.0,,0,0
400489327,2,away,away,,-4.0,,0,0
400489328,2,away,away,,-5.0,,0,0
400489329,2,home,home,,3.5,,0,0
400489330,2,away,away,,1.5,,0,0
400489331,2,home,home,,-2.0,,0,0
400489332,2,away,away,,-7.0,,0,0
400489333,2,away,away,,-2.0,,0,0
400489334,2,home,home,,-13.0,,0,0
400489335,2,away,away,,5.0,,0,0
400489337,2,away,away,,-11.5,,0,0
400489338,2,home,home,,-13.0,,0,0
400489336,2,away,away,,-1.5,,1,0
400489339,2,away,away,,-4.5,,0,1
400489340,2,away,away,,-7.0,,0,0
